Campaign,Client,Benchmark Category,Franchise / IP,Content Type,Distribution,Tentpole?,Tentpole Moment,Year,Program,Instagram,Facebook,X,TikTok,LinkedIn,YouTube Shorts,YouTube,Meta (Dark),All Platforms,Spend ($),Include in Benchmarks,Tags to Confirm,Notes,Original Location
Upper Deck x 2025 NHL Draft,Upper Deck,Social Coverage Partner,None (Custom),Video + Static,Organic,,NHL Draft,2025,Sponsored,0.0306,0.0037,0.0064,0.018,0.1108,0.0075,,,0.0232,2508,Yes,Content Type,,BENCHMARK DASHBOARD!B16
Invesco QQQ x 2025 Busines of Bowl Season,Invesco QQQ,Social Coverage Partner,Business of Bowl Season,Video + Static,Organic,,College Football Bowl Season,2025,Sponsored,0.0419,,,,0.0438,,,,0.042,,Yes,"Franchise, Content Type",,BENCHMARK DASHBOARD!B17
US Bank x 2026 NFL Draft,U.S. Bank,Social Coverage Partner,None (Custom),Video + Static,Organic,,NFL Draft,2026,Sponsored,0.0402,0.0019,0.0128,,0.0395,,,,0.0369,,Yes,Content Type,Source note: Wait on Vic for the new dash.,BENCHMARK DASHBOARD!B18
AT&T x Intuit Dome (Stadium Status),AT&T,Video: Social-First IP or Franchise (Organic or Boosted),Stadium Status,Video,Organic + Boosted,,None,2024,Sponsored,0.0129,,0.0045,0.06,0.0476,,,,0.0139,16992,Yes,Year,,BENCHMARK DASHBOARD!B27
Kaiser Permanante x Stadium Status,Kaiser Permanente,Video: Social-First IP or Franchise (Organic or Boosted),Stadium Status,Video,Organic + Boosted,,None,2025,Sponsored,0.0116,,0.0066,0.0007,0.0499,0.0516,,,0.0054,12214,Yes,,,BENCHMARK DASHBOARD!B28
Daktronics x Stadium Status (Lindsay),Daktronics,Video: Social-First IP or Franchise (Organic or Boosted),Stadium Status,Video,Organic + Boosted,,None,2024,Sponsored,0.0164,,,0.0164,0.0099,,,,0.0105,1200,Yes,,,BENCHMARK DASHBOARD!B29
Elevate Stadium Status,Elevate,Video: Social-First IP or Franchise (Organic or Boosted),Stadium Status,Video,Organic + Boosted,,None,Unknown,Sponsored,0.0318,,0.0006,0.0006,0.0426,0.0029,,,0.0096,,Yes,Year,,BENCHMARK DASHBOARD!B30
Gainbridge x Napheesa Collier (The Come Up),Gainbridge,Video: Social-First IP or Franchise (Organic or Boosted),The Come Up,Video,Organic + Boosted,,None,Unknown,Sponsored,0.0346,,,0.0531,0.0326,,,,0.0485,996,Yes,Year,,BENCHMARK DASHBOARD!B31
DIRECTV x Football (The Come Up),DIRECTV,Video: Social-First IP or Franchise (Organic or Boosted),The Come Up,Video,Organic + Boosted,,None,Unknown,Sponsored,0.038,0.0519,,0.0051,,,,,0.0158,,Yes,"Year, Tentpole",,BENCHMARK DASHBOARD!B32
Tastytrade x March Madness (The Come Up),Tastytrade,Video: Social-First IP or Franchise (Organic or Boosted),The Come Up,Video,Organic + Boosted,,March Madness,Unknown,Sponsored,0.0529,,,0.0796,0.0446,0.1584,,,0.0904,,Yes,Year,Source note: confirm numbers.,BENCHMARK DASHBOARD!B33
US Bank x NFL Draft (The Come Up),U.S. Bank,Video: Social-First IP or Franchise (Organic or Boosted),The Come Up,Video,Organic + Boosted,,NFL Draft,2026,Sponsored,0.079,0.017,0.001,,0.011,0.25,,,0.036,,Yes,Year,,BENCHMARK DASHBOARD!B34
Whirlpool x PLL (Stadium Status),Whirlpool,Video: Social-First IP or Franchise (Organic or Boosted),Stadium Status,Video,Organic + Boosted,,PLL Championship,Unknown,Sponsored,0.0123,,0.0019,0.0014,,0.1684,,,,,Yes,"Year, Tentpole",No All Platforms ER in the source file.,BENCHMARK DASHBOARD!B35
Daktronics x University of Illinois (Stadium Status),Daktronics,Video: Social-First IP or Franchise (Organic or Boosted),Stadium Status,Video,Organic + Boosted,,None,Unknown,Sponsored,,,,,,,,,,,No,Year,No results entered yet.,BENCHMARK DASHBOARD!B36
Pepsi x Stadium Eats,Pepsi,Static: Social-First IP or Franchise (Organic or Boosted),Stadium Eats,Static,Organic + Boosted,,None,Unknown,Sponsored,0.0259,0.0198,0.0024,0.0188,0.0684,,,,0.0119,,Yes,Year,,BENCHMARK DASHBOARD!B44
Toyota x Winter Olympics (The Come Up + Breaking Barriers),Toyota,Static: Social-First IP or Franchise (Organic or Boosted),The Come Up / Breaking Barriers,Static,Organic + Boosted,,Winter Olympics,2026,Sponsored,0.1361,0.1395,,,0.0173,,,,0.1342,,Yes,,,BENCHMARK DASHBOARD!B45
Gatorade x Modern Origins,Gatorade,Video: Custom Social (Organic + Boosted),Modern Origins,Video,Organic + Boosted,,None,Unknown,Sponsored,0.0318,,,0.0025,0.0277,,,,0.0194,,Yes,"Year, Franchise",,BENCHMARK DASHBOARD!B54
Champs Sports x Apparel Playmakers (Derryl),Champs Sports,Video: Custom Social (Organic + Boosted),Apparel Playmakers,Video,Organic + Boosted,,None,2025,Sponsored,0.015,,,0.0038,,,,,0.0096,7940,Yes,,,BENCHMARK DASHBOARD!B55
Tissot x NBA (Derryl),Tissot,Video: Custom Social (Organic + Boosted),None (Custom),Video,Organic + Boosted,,NBA Finals,2025,Sponsored,0.0106,,0.003,0.0003,0.0347,,,,0.0048,4041,Yes,Tentpole,,BENCHMARK DASHBOARD!B56
US Bank x PLL Championship,U.S. Bank,Video: Custom Social (Organic + Boosted),None (Custom),Video,Organic + Boosted,,PLL Championship,Unknown,Sponsored,0.0335,,0.0031,0.004,,0.091,,,0.033,1601,Yes,Year,,BENCHMARK DASHBOARD!B57
PGA Tour x BMW Championship (Derryl),PGA Tour,Video: Custom Social (Organic + Boosted),None (Custom),Video,Organic + Boosted,,BMW Championship,Unknown,Sponsored,0.0163,,,0.0275,,,,,0.0237,2524,Yes,Year,,BENCHMARK DASHBOARD!B58
Gainbridge x WNBA All-Star (Lindsay),Gainbridge,Video: Custom Social (Organic + Boosted),None (Custom),Video,Organic + Boosted,,WNBA All-Star,2025,Sponsored,0.0475,,0.0024,0.0029,0.0153,,,,0.0174,4468,Yes,,,BENCHMARK DASHBOARD!B59
Swag Golf x Ryder Cup,Swag Golf,Video: Custom Social (Organic + Boosted),None (Custom),Video,Organic + Boosted,,Ryder Cup,2025,Sponsored,0.0215,,0.0011,0.001,,0.0012,,,0.005,3080,Yes,,,BENCHMARK DASHBOARD!B60
Laver Cup,Laver Cup,Video: Custom Social (Organic + Boosted),Business of Laver Cup,Video,Organic + Boosted,,Laver Cup,2025,Sponsored,0.003,,0.0737,0.0324,0.0107,,,,0.0545,,Yes,Year,Source note: it has long form video component.,BENCHMARK DASHBOARD!B61
Professional Fighters League,Professional Fighters League,Video: Custom Social (Organic + Boosted),None (Custom),Video,Organic + Boosted,,None,Unknown,Sponsored,0.0321,0.0219,0.0027,0.0014,0.0256,,,,0.012,,Yes,Year,,BENCHMARK DASHBOARD!B62
Ally x Unrivaled,Ally,Video: Custom Social (Organic + Boosted),None (Custom),Video,Organic + Boosted,,None,2025,Sponsored,0.009,0,0.0074,0.0008,0.0529,0.0841,,,0.0289,1198,Yes,"Year, Tentpole",,BENCHMARK DASHBOARD!B63
Comcast x PLAYERS 2026 (Lauren & Bailey),Comcast Business,Video: Custom Social (Organic + Boosted),None (Custom),Video,Organic + Boosted,,The Players,2026,Sponsored,0.0088,0.0005,,0.0004,,0.0615,,,0.0212,,Yes,,,BENCHMARK DASHBOARD!B64
US Bank x 2026 Super Bowl (Lauren Withrow),U.S. Bank,Video: Custom Social (Organic + Boosted),None (Custom),Video,Organic + Boosted,,Super Bowl,2026,Sponsored,0.0111,0.0024,0.0088,0.0005,,0.1288,,,0.0075,,Yes,,,BENCHMARK DASHBOARD!B65
US Bank x NFL Draft (Red Carpet w/ Baker),U.S. Bank,Video: Custom Social (Organic + Boosted),None (Custom),Video,Organic + Boosted,,NFL Draft,2026,Sponsored,0.033,0.008,0.0017,,0.005,0.349,,,0.07,2500,Yes,,Source note: Confirm with YTS.,BENCHMARK DASHBOARD!B66
RBC x The Soccer Tournament,RBC,Video: Custom Social (Organic + Boosted),None (Custom),Video,Organic + Boosted,,The Soccer Tournament,2026,Sponsored,,,,,,,,,,,No,Year,No results entered yet.,BENCHMARK DASHBOARD!B67
Morgan & Morgan x The Case Study,Morgan & Morgan,Video: Custom Social (Organic + Boosted),The Case Study,Video,Organic + Boosted,,None,2026,Sponsored,,,,,,,,,,,No,"Year, Franchise",No results entered yet.,BENCHMARK DASHBOARD!B68
Heineken x FIFA World Cup,Heineken,Video: Custom Social (Organic + Boosted),None (Custom),Video,Organic + Boosted,,FIFA World Cup,2026,Sponsored,,,,,,,,,,,No,,No results entered yet.,BENCHMARK DASHBOARD!B69
EHP x AVP Hamptons,EHP,Video: Custom Social (Organic + Boosted),None (Custom),Video,Organic + Boosted,,AVP Hamptons,2026,Sponsored,,,,,,,,,,,No,Year,No results entered yet.,BENCHMARK DASHBOARD!B70
Dow x LPGA Impact Award,Dow,Video: Custom Social (Organic + Boosted),None (Custom),Video,Organic + Boosted,,LPGA Impact Award,2026,Sponsored,,,,,,,,,,,No,"Year, Tentpole",No results entered yet.,BENCHMARK DASHBOARD!B71
Ally x NWSL & Fanatics Fest,Ally,Video: Custom Social (Organic + Boosted),None (Custom),Video,Organic + Boosted,,Fanatics Fest,2026,Sponsored,,,,,,,,,,,No,"Year, Tentpole",No results entered yet.,BENCHMARK DASHBOARD!B72
Accenture x NFL International Games,Accenture,Video: Custom Social (Organic + Boosted),None (Custom),Video,Organic + Boosted,,NFL International Games,2026,Sponsored,,,,,,,,,,,No,Year,No results entered yet.,BENCHMARK DASHBOARD!B73
Nuveen x Bobby Bonilla,Nuveen,Static: Custom Social (Organic + Boosted),None (Custom),Static,Organic + Boosted,,None,2025,Sponsored,0.1109,,0.0172,,0.0226,,,,0.0514,,Yes,Tentpole,,BENCHMARK DASHBOARD!B80
Tissot x NBA,Tissot,Static: Custom Social (Organic + Boosted),None (Custom),Static,Organic + Boosted,,NBA Finals,2025,Sponsored,0.0656,,,,,,,,0.0656,,Yes,Tentpole,,BENCHMARK DASHBOARD!B81
Thrivent,Thrivent,Static: Custom Social (Organic + Boosted),None (Custom),Static,Organic + Boosted,,None,Unknown,Sponsored,0.2095,0.0003,0.0035,,0.118,,,,0.032,1581,Yes,Year,,BENCHMARK DASHBOARD!B82
Morgan & Morgan x The Case Study (Carousel),Morgan & Morgan,Static: Custom Social (Organic + Boosted),The Case Study,Static,Organic + Boosted,,None,2026,Sponsored,,,,,,,,,,,No,"Year, Franchise",No results entered yet.,BENCHMARK DASHBOARD!B83
US Bank x NFL Draft (Red Carpet w/ Baker),U.S. Bank,Video: Custom Social (Dark Only),None (Custom),Video,Dark Only,,NFL Draft,2026,Sponsored,,,0.0007,,,0.1345,,0.0008,0.0277,,Yes,,,BENCHMARK DASHBOARD!B91
SportClips x MLB Minute,Sport Clips,Video: Custom Social (Dark Only),MLB Minute,Video,Dark Only,,None,2026,Sponsored,,,,,,,,,,,No,"Year, Franchise",No results entered yet.,BENCHMARK DASHBOARD!B92
SportClips x Off the Pitch,Sport Clips,Video: Custom Social (Dark Only),Off the Pitch,Video,Dark Only,,None,2026,Sponsored,,,,,,,,,,,No,Year,No results entered yet.,BENCHMARK DASHBOARD!B93
Fanatics x Stadium Status,Fanatics,Video: Custom Social (Dark Only),Stadium Status,Video,Dark Only,,None,Unknown,Sponsored,,,,,,,,0.0003,0.0003,,Yes,Year,,BENCHMARK DASHBOARD!B94
Heineken x FIFA World Cup,Heineken,Video: Custom Social (Dark Only),None (Custom),Video,Dark Only,,FIFA World Cup,2026,Sponsored,,,,,,,,,,,No,,No results entered yet.,BENCHMARK DASHBOARD!B95
EHP x AVP Hamptons,EHP,Video: Custom Social (Dark Only),None (Custom),Video,Dark Only,,AVP Hamptons,2026,Sponsored,,,,,,,,,,,No,Year,No results entered yet.,BENCHMARK DASHBOARD!B96
3M x FOS Engineered,3M,Video: Custom Social (Dark Only),FOS Engineered,Video,Dark Only,,None,2026,Sponsored,,,,,,,,,,,No,Year,No results entered yet.,BENCHMARK DASHBOARD!B97
Dow x LPGA Impact Award,Dow,Video: Custom Social (Dark Only),None (Custom),Video,Dark Only,,LPGA Impact Award,2026,Sponsored,,,,,,,,,,,No,"Year, Tentpole",No results entered yet.,BENCHMARK DASHBOARD!B98
"Huntington Bank x Golf, CFB, other",Huntington Bank,Video: Custom Social (Dark Only),None (Custom),Video,Dark Only,,None,2026,Sponsored,,,,,,,,,,,No,"Year, Tentpole",No results entered yet.,BENCHMARK DASHBOARD!B99
Bet MGM x FIFA World Cup,BetMGM,Static: Custom Social (Dark Only),None (Custom),Static,Dark Only,,FIFA World Cup,2026,Sponsored,,,,,,,,,,,No,,No results entered yet.,BENCHMARK DASHBOARD!B107
3M x FOS Engineered,3M,Static: Custom Social (Dark Only),FOS Engineered,Static,Dark Only,,None,2026,Sponsored,,,,,,,,,,,No,Year,No results entered yet.,BENCHMARK DASHBOARD!B108
E*TRADE x Portfolio Players (Season 1),E*TRADE,Brand Integration / Sponsored Content (Longform + Cutdowns),Portfolio Players,Video,Organic + Boosted,,None,2025,Sponsored,0.0239,0.0009,0.0059,0.0007,0.0133,,0.015,,0.012,35522,Yes,Distribution,,BENCHMARK DASHBOARD!B116
Pepsi x Stadium Eats,Pepsi,Brand Integration / Sponsored Content (Longform + Cutdowns),Stadium Eats,Video,Organic + Boosted,,None,Unknown,Sponsored,0.0259,0.0198,0.0024,0.0188,0.0684,,0.0101,,0.0119,,Yes,"Year, Distribution",,BENCHMARK DASHBOARD!B117
E*TRADE x Portfolio Players (Season 2),E*TRADE,Brand Integration / Sponsored Content (Longform + Cutdowns),Portfolio Players,Video,Organic + Boosted,,None,Unknown,Sponsored,0.0161,0.0061,0.0025,0.0251,0.0307,0.0742,0.0132,,0.0142,19064,Yes,"Year, Distribution",,BENCHMARK DASHBOARD!B118
ADP x Future of Sports,ADP,Brand Integration / Sponsored Content (Longform + Cutdowns),Future of Sports,Video,Organic + Boosted,,None,Unknown,Sponsored,0.0052,0.0005,0.0018,0.0369,0.1568,0.019,0.026,,,,Yes,"Year, Distribution",,BENCHMARK DASHBOARD!B119
E*TRADE x Portfolio Players (Season 3),E*TRADE,Brand Integration / Sponsored Content (Longform + Cutdowns),Portfolio Players,Video,Organic + Boosted,,None,2026,Sponsored,,,,,,,,,,,No,"Year, Distribution",No results entered yet.,BENCHMARK DASHBOARD!B120
Next League x Future of Sports,Next League,Brand Integration / Sponsored Content (Longform + Cutdowns),Future of Sports,Video,Organic + Boosted,,None,Unknown,Sponsored,0.0548,,0.0023,0.0006,0.026,0.0244,0.0018,,,,Yes,"Year, Distribution",,BENCHMARK DASHBOARD!B121
Nuveen x The Big Deal (Bobby Bonilla),Nuveen,"Custom Branded Content (Longform + Cutdowns, Organic + Boosted)",The Big Deal,Video,Organic + Boosted,,None,2025,Sponsored,0.0345,,0.0069,0.0025,0.0355,,0.0203,,0.0165,26885,Yes,,,BENCHMARK DASHBOARD!B129
Gatorade x FOS Explains: Women Fueling Football,Gatorade,"Custom Branded Content (Longform + Cutdowns, Organic + Boosted)",FOS Explains,Video,Organic + Boosted,,None,2024,Sponsored,0.0204,,0.0908,0.0218,0.027,,0.0162,,0.0275,6674,Yes,,,BENCHMARK DASHBOARD!B130
Wilson x FOS Explains,Wilson,"Custom Branded Content (Longform + Cutdowns, Organic + Boosted)",FOS Explains,Video,Organic + Boosted,,None,2025,Sponsored,0.0077,,0.0024,0.0003,0.0243,,0.0241,,0.0117,8206,Yes,Tentpole,,BENCHMARK DASHBOARD!B131
FOS Explains x PGA Tour,PGA Tour,"Custom Branded Content (Longform + Cutdowns, Organic + Boosted)",FOS Explains,Video,Organic + Boosted,,None,Unknown,Sponsored,0.0625,,0.0024,0.0007,0.0432,,0.0179,,0.0156,4358,Yes,Year,,BENCHMARK DASHBOARD!B132
Gainbridge x USL,Gainbridge,"Custom Branded Content (Longform + Cutdowns, Organic + Boosted)",None (Custom),Video,Organic + Boosted,,None,Unknown,Sponsored,0.0358,0.0004,0.0036,0.0006,0.0394,,0.0135,,0.0105,9046,Yes,"Year, Franchise",,BENCHMARK DASHBOARD!B133
State Farm the Family Assist,State Farm,"Custom Branded Content (Longform + Cutdowns, Organic + Boosted)",The Family Assist,Video,Organic + Boosted,,None,Unknown,Sponsored,0.027,,0.0003,0.0015,0.0377,,0.0314,,0.018,,Yes,Year,,BENCHMARK DASHBOARD!B134
Bet MGM FOS Explains - Winter Olympics,BetMGM,"Custom Branded Content (Longform + Cutdowns, Organic + Boosted)",FOS Explains,Video,Organic + Boosted,,Winter Olympics,2026,Sponsored,0.0059,,0.0028,0.0005,0.0427,0.0543,0.0163,,0.0132,,Yes,,,BENCHMARK DASHBOARD!B135
BetMGM x FIFA World Cup (FOS Explains),BetMGM,"Custom Branded Content (Longform + Cutdowns, Organic + Boosted)",FOS Explains,Video,Organic + Boosted,,FIFA World Cup,2026,Sponsored,,,,,,,,,,,No,,No results entered yet.,BENCHMARK DASHBOARD!B136
Prudential x '94 to Now (Second Acts),Prudential,"Custom Branded Content (Longform + Cutdowns, Organic + Boosted)",Second Acts,Video,Organic + Boosted,,None,2026,Sponsored,,,,,,,,,,,No,Year,No results entered yet.,BENCHMARK DASHBOARD!B137
3M x FOS Engineered,3M,"Custom Branded Content (Longform + Cutdowns, Organic + Boosted)",FOS Engineered,Video,Organic + Boosted,,None,2026,Sponsored,,,,,,,,,,,No,Year,No results entered yet.,BENCHMARK DASHBOARD!B138
State Street x From Here to There,State Street,"Custom Branded Content (Longform + Cutdowns, Organic + Boosted)",From Here to There,Video,Organic + Boosted,,None,2026,Sponsored,,,,,,,,,,,No,Year,No results entered yet.,BENCHMARK DASHBOARD!B139
On Location x FIFA World Cup (FOS Explains),On Location,"Custom Branded Content (Longform + Cutdowns, Dark Only)",FOS Explains,Video,Dark Only,,FIFA World Cup,2026,Sponsored,,,0.0005,,0.0054,0.0425,,0.0006,0.0003,,Yes,,,BENCHMARK DASHBOARD!B147
Spectrum x NASCAR & FWC (Fueling Dreams),Spectrum,"Custom Branded Content (Longform + Cutdowns, Dark Only)",Fueling Dreams,Video,Dark Only,,FIFA World Cup,2026,Sponsored,,,,,,,,0.0073,0.0073,,Yes,"Year, Tentpole",,BENCHMARK DASHBOARD!B148
Microsoft x Premier League (FOS Explains),Microsoft,"Custom Branded Content (Longform + Cutdowns, Dark Only)",FOS Explains,Video,Dark Only,,Premier League,2026,Sponsored,,,0.0036,0.0003,,,,0.0007,0.003,,Yes,"Year, Tentpole",,BENCHMARK DASHBOARD!B149
Raising Cane's x The Breakfast Ball 2025,Raising Cane's,Custom Social Video: FOS Tentpole Event,The Breakfast Ball,Video,Organic + Boosted,,CFP National Championship,2025,Sponsored,,,,,,,,,,,No,"Tentpole, Distribution",Excluded from benchmarking in the source file.,BENCHMARK DASHBOARD!B158
Polestar x The Breakfast Ball 2025,Polestar,Custom Social Video: FOS Tentpole Event,The Breakfast Ball,Video,Organic + Boosted,,CFP National Championship,2025,Sponsored,0.0081,,0.002,0.0002,0.0364,,,,0.0042,1011,Yes,"Tentpole, Distribution",,BENCHMARK DASHBOARD!B159
AG1 x The Breakfast Ball 2025,AG1,Custom Social Video: FOS Tentpole Event,The Breakfast Ball,Video,Organic + Boosted,,CFP National Championship,2025,Sponsored,0.011,0.0793,0.0128,0.0005,0.0139,0.0136,,,0.0215,1615,Yes,"Tentpole, Distribution",,BENCHMARK DASHBOARD!B160
Tommy John x The Breakfast Ball 2025,Tommy John,Custom Social Video: FOS Tentpole Event,The Breakfast Ball,Video,Organic + Boosted,,CFP National Championship,2025,Sponsored,0.0019,,0.0013,0.0006,0.041,,,,0.0016,994,Yes,"Tentpole, Distribution",,BENCHMARK DASHBOARD!B161
Thomas's Bagels x The Breakfast Ball 2026,Thomas',Custom Social Video: FOS Tentpole Event,The Breakfast Ball,Video,Organic + Boosted,,CFP National Championship,2026,Sponsored,0.035,,,0.0005,,0.1182,,,0.0633,,Yes,"Tentpole, Distribution",,BENCHMARK DASHBOARD!B162
Raising Cane's x The Breakfast Ball 2026,Raising Cane's,Custom Social Video: FOS Tentpole Event,The Breakfast Ball,Video,Organic + Boosted,,CFP National Championship,2026,Sponsored,0.0129,,,0.0003,0.0472,0.0609,,,0.0315,,Yes,"Tentpole, Distribution",,BENCHMARK DASHBOARD!B163
Elevate x Tuned In 2025,Elevate,FOS Event: Presenting Partner,Tuned In,Video + Static,Organic + Boosted,,None,2025,Sponsored,0.0258,0,0.0088,0.0513,0.0359,,,,0.0285,,Yes,"Content Type, Distribution",,BENCHMARK DASHBOARD!B172
Dealmaker x Asset Class 2025,Dealmaker,FOS Event: Presenting Partner,Asset Class,Video + Static,Organic + Boosted,,None,2025,Sponsored,0.0125,0.0019,0.0032,,0.0122,,,,0.0068,,Yes,"Content Type, Distribution",,BENCHMARK DASHBOARD!B173
UBS x Huddle in the Hamptons 2026,UBS,FOS Event: Presenting Partner,Huddle in the Hamptons,Video + Static,Organic + Boosted,,None,2026,Sponsored,0.0459,,,,0.0367,0.0601,,,,,Yes,"Content Type, Distribution",,BENCHMARK DASHBOARD!B174
Elevate x Asset Class 2026,Elevate,FOS Event: Presenting Partner,Asset Class,Video + Static,Organic + Boosted,,None,2026,Sponsored,,,,,,,,,,,No,"Content Type, Distribution",No results entered yet.,BENCHMARK DASHBOARD!B175
Elevate x Tuned In 2026,Elevate,FOS Event: Presenting Partner,Tuned In,Video + Static,Organic + Boosted,,None,2026,Sponsored,,,,,,,,,,,No,"Content Type, Distribution",No results entered yet.,BENCHMARK DASHBOARD!B176
State Street x Future of Sports,State Street,FOS Custom Event: Tastemaker or Future of Sports,Future of Sports,Video + Static,Organic + Boosted,,None,Unknown,Sponsored,0.0759,,0.0026,0.0009,0.0274,0.1114,,,,,Yes,"Year, Content Type, Distribution",Shorts ER was entered as 11.14 in the source file; read here as 11.14%. Confirm.,BENCHMARK DASHBOARD!B184
Asset Class,FOS (Organic),Organic Franchise (Non-Sponsored),Asset Class,Video + Static,Organic,,None,2025,Organic,,,,,,,0.026826,,0.026826,,Yes,Content Type,,Franchise Benchmarks!B16
Big Ticket,FOS (Organic),Organic Franchise (Non-Sponsored),Big Ticket,Video + Static,Organic,,None,2025,Organic,0.033904,0.021128,0.010922,,0.018897,,0.09176,,0.035322,,Yes,Content Type,,Franchise Benchmarks!B17
Breaking Barriers,FOS (Organic),Organic Franchise (Non-Sponsored),Breaking Barriers,Video,Organic,,None,2025,Organic,0.03358,0.010101,0.058248,0.094877,0.033539,,0.048032,,0.046396,,Yes,,,Franchise Benchmarks!B18
Second Acts,FOS (Organic),Organic Franchise (Non-Sponsored),Second Acts,Video + Static,Organic,,None,2025,Organic,0.020631,,,,,,,,0.020631,,Yes,Content Type,,Franchise Benchmarks!B19
Stadium Eats,FOS (Organic),Organic Franchise (Non-Sponsored),Stadium Eats,Static,Organic,,None,2025,Organic,0.045604,0.039369,0.030143,0.033613,0.035887,,0.053061,,0.039613,,Yes,,,Franchise Benchmarks!B20
Stadium Status,FOS (Organic),Organic Franchise (Non-Sponsored),Stadium Status,Video,Organic,,None,2025,Organic,0.052753,0.056541,0.04568,0.012003,0.042628,,0.079537,,0.04819,,Yes,,,Franchise Benchmarks!B21
The Come Up,FOS (Organic),Organic Franchise (Non-Sponsored),The Come Up,Video,Organic,,None,2025,Organic,0.086707,,0.049756,,0.046751,,0.01839,,0.050401,,Yes,,,Franchise Benchmarks!B22
Tuned In,FOS (Organic),Organic Franchise (Non-Sponsored),Tuned In,Video + Static,Organic,,None,2025,Organic,0.047171,0.045497,,0.047811,0.067588,,0.025832,,0.04678,,Yes,Content Type,,Franchise Benchmarks!B23
