Campaign,Category,Platform,Objective,Correspondent,Spend,Impressions,CTR,VCR,Avg Watch (s),Engagements,CPM ($),Distribution
SportClips - MLB Min 1,Correspondent-Led Video,IG,Impressions,Baker,239.17,80633.0,0.0004,0.0005,,2712.0,2.966155,Dark Only
SportClips - MLB Min 1,Correspondent-Led Video,TikTok,Reach,Baker,270.96,98849.0,0.0009,0.0002,1.01,25.0,2.741151,Dark Only
SportClips - MLB Min 1,Correspondent-Led Video,YT Shorts,Reach,Baker,109.27,37008.0,,0.0009,1.0,1024.0,2.952605,Dark Only
SportClips - MLB Min 1,Correspondent-Led Video,X,Reach,Baker,498.0,1402434.0,0.0006,0.0024,,1163.0,0.355097,Dark Only
SportClips - MLB Min 2,Correspondent-Led Video,IG,Impressions,Baker,110.78,38711.0,0.0024,0.0,,129.0,2.861719,Dark Only
SportClips - MLB Min 2,Correspondent-Led Video,TikTok,Reach,Baker,87.7,31500.0,0.0014,0.0002,1.11,8.0,2.784127,Dark Only
SportClips - MLB Min 2,Correspondent-Led Video,YT Shorts,Reach,Baker,90.76,30580.0,0.0,0.0016,1.3,1215.0,2.967953,Dark Only
US Bank - Red Carpet,Correspondent-Led Video,YT Shorts,Reach,Baker,1293.55,391126.0,,0.011,2.6,52640.0,3.307246,Dark Only
US Bank - Red Carpet,Correspondent-Led Video,Meta,Impressions,Baker,1999.96,636675.0,,0.0027,1.0,549.0,3.141257,Dark Only
US Bank - Red Carpet,Correspondent-Led Video,X,Reach,Baker,900.0,916140.0,1e-06,0.0091,,712.0,0.982383,Dark Only
Fanatics Stadium Status,Correspondent-Led Video,Meta,Impressions,Derryl,3509.91,1011364.0,0.0001,0.0007,1.0,375.0,3.470472,Dark Only
ADP Future of Sports 3,Custom Content (Mid-to-Long),X,Reach,Baker,253.94,275420.0,,2e-05,,56.0,0.92201,Dark Only
ADP Future of Sports 4,Custom Content (Mid-to-Long),X,Reach,Baker,286.87,258521.0,,2e-05,,49.0,1.109658,Dark Only
On Location FOS Explains (full ep),Custom Content (Mid-to-Long),X,Reach,Baker,1200.0,1029024.0,2e-06,0.0,2.0,265.0,1.17,Dark Only
Spectrum Small Biz Cutdown 1,Correspondent-Led Video,IG & FB,Reach,Pilar,1000.0,11442.0,,0.0033,1.0,85.0,3.09,Dark Only
Spectrum Small Biz Cutdown 2,Correspondent-Led Video,IG & FB,Reach,Pilar,1000.0,12493.0,,0.0048,1.0,91.0,3.15,Dark Only
On Location FOS Explains Cutdown 1,Correspondent-Led Video,X,Reach,Baker,587.24,627145.0,0.00061,0.0044,3.0,1652.0,0.94,Dark Only
On Location FOS Explains Cutdown 2,Correspondent-Led Video,X,Reach,Baker,500.0,450891.0,0.0004,0.0023,2.0,985.0,1.11,Dark Only
On Location FOS Explains Cutdown 3,Correspondent-Led Video,X,Reach,Baker,700.0,360271.0,0.0003,0.0011,2.0,660.0,1.94,Dark Only
Microsoft FOS Explains 1 (full ep),Custom Content (Mid-to-Long),X,Reach,Derryl,3392.0,929615.0,,0.0002,11.0,3503.0,3.65,Dark Only
Microsoft FOS Explains 2 (full ep),Custom Content (Mid-to-Long),X,Reach,Derryl,2296.0,553522.0,,0.0002,11.0,1125.0,4.15,Dark Only
Microsoft FOS Explains 1 cutdown 1,Correspondent-Led Video,X,Reach,Derryl,870.05,224760.0,,0.0026,6.0,1773.0,3.87,Dark Only
Microsoft FOS Explains 1 cutdown 2,Correspondent-Led Video,X,Reach,Derryl,1539.95,424813.0,,0.0012,5.0,1376.0,3.63,Dark Only
Microsoft FOS Explains 2 cutdown 1,Correspondent-Led Video,X,Reach,Derryl,784.37,221866.0,,0.0021,4.0,679.0,3.54,Dark Only
Microsoft FOS Explains 2 cutdown 2,Correspondent-Led Video,X,Reach,Derryl,116.48,42496.0,,0.002,2.0,166.0,2.74,Dark Only
Sport Clips Off the Pitch 1,Correspondent-Led Video,X,Reach,Baker,600.0,292926.0,,0.0009,15.0,374.0,2.05,Dark Only
Sport Clips Off the Pitch 2,Correspondent-Led Video,X,Reach,Baker,600.0,142500.0,,0.0013,2.0,754.0,4.02,Dark Only
On Location FOS Explains (full ep),Custom Content (Mid-to-Long),FB,Reach,Baker,639.68,226737.0,,0.0001,2.0,14.0,2.82,Dark Only
On Location FOS Explains Cutdown 1,Correspondent-Led Video,IG,Reach,Baker,499.72,166629.0,,0.0017,1.0,96.0,3.0,Dark Only
On Location FOS Explains Cutdown 2,Correspondent-Led Video,IG,Reach,Baker,499.82,160286.0,,0.0013,1.0,44.0,3.12,Dark Only
On Location FOS Explains Cutdown 3,Correspondent-Led Video,IG,Reach,Baker,499.88,156018.0,,0.0005,1.0,43.0,3.2,Dark Only
Spectrum NASCAR Small Biz cutdown 1,Correspondent-Led Video,IG & FB,Reach,Pilar,999.96,323687.0,,0.0033,1.0,85.0,3.09,Dark Only
Spectrum NASCAR Small Biz cutdown 2,Correspondent-Led Video,IG & FB,Reach,Pilar,999.96,311634.0,,0.0048,1.0,91.0,3.15,Dark Only
Spectrum World Cup Small Biz cutdown 1,Correspondent-Led Video,IG & FB,Reach,Pilar,585.29,179894.0,,0.0101,1.0,65.0,3.25,Dark Only
Spectrum World Cup Small Biz cutdown 2,Correspondent-Led Video,IG & FB,Reach,Pilar,1085.34,332170.0,,0.0063,1.0,127.0,3.27,Dark Only
Sport Clips Off the Pitch video 1,Correspondent-Led Video,IG,Reach,Baker,399.99,114431.0,,0.0004,1.0,66.0,3.5,Dark Only
Sport Clips Off the Pitch video 2,Correspondent-Led Video,IG,Reach,Baker,399.87,108934.0,,0.0004,1.0,26.0,3.67,Dark Only
Microsoft FOS Explains 1 cutdown 1,Correspondent-Led Video,IG,Reach,Derryl,272.84,79037.0,,0.0004,1.0,6.0,3.45,Dark Only
Microsoft FOS Explains 1 cutdown 2,Correspondent-Led Video,IG,Reach,Derryl,2726.85,755417.0,,0.0002,1.0,92.0,3.61,Dark Only
Microsoft FOS Explains 2 cutdown 1,Correspondent-Led Video,IG,Reach,Derryl,496.86,132480.0,,0.0004,1.0,14.0,3.75,Dark Only
Microsoft FOS Explains 2 cutdown 2,Correspondent-Led Video,IG,Reach,Derryl,1503.03,416490.0,,0.0002,1.0,45.0,3.61,Dark Only
On Location FOS Explains (full ep),Custom Content (Mid-to-Long),YouTube,Reach,Baker,2800.36,2294928.0,,0.0437,1.9,41158.0,11.13,Dark Only
On Location FOS Explains Cutdown 1,Correspondent-Led Video,YT Shorts,Reach,Baker,299.6,108923.0,,0.006,4.0,5725.0,2.75,Dark Only
On Location FOS Explains Cutdown 2,Correspondent-Led Video,YT Shorts,Reach,Baker,9.34,3297.0,,0.0212,2.0,154.0,2.83,Dark Only
On Location FOS Explains Cutdown 3,Correspondent-Led Video,YT Shorts,Reach,Baker,299.97,114760.0,,0.0028,3.0,4062.0,2.61,Dark Only
Heineken Red Card Green Flag 1,Custom Content (short),IG,Reach,External,517.56,99664.0,,0.02,14.0,578.0,5.19,Dark Only
Heineken Red Card Green Flag 1,Custom Content (short),FB,Reach,External,1631.75,314765.0,,0.0271,14.0,486.0,5.18,Dark Only
Heineken Red Card Green Flag 2,Custom Content (short),IG,Reach,External,76.09,26126.0,,0.00043,1.0,3.0,2.91,Dark Only
Heineken Red Card Green Flag 2,Custom Content (short),FB,Reach,External,1741.31,612520.0,,0.0005,1.0,242.0,2.84,Dark Only
Heineken Red Card Green Flag 1,Custom Content (short),YT Shorts,Reach,External,1049.51,352024.0,,0.0042,8.0,28834.0,2.98,Dark Only
Heineken Red Card Green Flag 2,Custom Content (short),YT Shorts,Reach,External,675.65,193588.0,,0.0021,54.0,10655.0,3.49,Dark Only
EHP Green Screen promo,Correspondent-Led Video,IG,Clicks,Olivia,499.37,60907.0,0.0642,0.0022,5.0,661.0,8.2,Dark Only
EHP Green Screen promo,Correspondent-Led Video,X,Clicks,Olivia,190.0,107198.0,0.0175,0.0018,10.0,4789.0,1.77,Dark Only
EHP Green Screen promo,Correspondent-Led Video,TikTok,Reach,Olivia,325.0,128407.0,0.0015,0.0001,1.21,210.0,2.53,Dark Only
EHP DITL,Correspondent-Led Video,IG,Reach,Lauren,275.0,86257.0,,0.0004,1.0,19.0,3.19,Dark Only
EHP DITL,Correspondent-Led Video,X,Reach,Lauren,224.87,110325.0,,0.0009,2.0,157.0,2.04,Dark Only
EHP DITL,Correspondent-Led Video,TikTok,Reach,Lauren,341.86,313622.0,,0.0003,1.12,128.0,1.09,Dark Only
EHP DITL,Correspondent-Led Video,YT Shorts,Reach,Lauren,544.21,172719.0,,0.0029,4.0,8235.0,3.15,Dark Only
Microsoft FOS Explains 1 (full ep),Custom Content (Mid-to-Long),YouTube,Reach,Derryl,13361.43,13958519.0,0.00035,0.172,111.0,180542.0,0.96,Dark Only
Microsoft FOS Explains 2 (full ep),Custom Content (Mid-to-Long),YouTube,Reach,Derryl,8896.19,10177462.0,0.00024,0.126,82.0,108119.0,0.87,Dark Only
3M DITL,Correspondent-Led Video,IG,Reach,Lauren,1358.91,424666.0,,0.0002,1.0,78.0,3.2,Dark Only
3M DITL,Correspondent-Led Video,YT Shorts,Reach,Lauren,2275.47,722733.0,,0.0047,7.0,96043.0,3.15,Dark Only
3M DITL,Correspondent-Led Video,TikTok,Reach,Lauren,1865.0,855699.0,,0.0003,1.59,405.0,2.18,Dark Only
Dow: Impact Award,Correspondent-Led Video,IG,Reach,Pilar,1312.0,427788.0,0.0005,0.0002,1.0,119.0,3.07,Dark Only
Dow: Impact Award,Correspondent-Led Video,TikTok,Reach,Pilar,1582.0,717660.0,0.0013,0.0001,1.19,268.0,2.2,Dark Only
Dow: Impact Award,Correspondent-Led Video,X,Reach,Pilar,1172.0,496265.0,0.0003,0.0,3.0,1546.0,2.36,Dark Only
Dow: Impact Award,Correspondent-Led Video,YT Shorts,Reach,Pilar,1982.88,609108.0,0.0,0.0023,1.35,65543.0,3.26,Dark Only
Spectrum - NASCAR - DITL,Correspondent-Led Video - Custom Content,TikTok,Reach,Pilar,929.28,472245.0,0.0006,0.0003,1.0,259.0,1.967792,In-Feed + Boosted
Spectrum - NASCAR - DITL,Correspondent-Led Video - Custom Content,IG,Engagement,Pilar,3779.54,468848.0,,0.0186,4.0,7552.0,8.28,In-Feed + Boosted
Spectrum - NASCAR - DITL,Correspondent-Led Video - Custom Content,YTs,Reach,Pilar,1343.86,461783.0,,2.16,4.0,19993.0,2.91,In-Feed + Boosted
Spectrum - Small Biz Highlight,Correspondent-Led Video - Custom Content,IG,Engagement,Pilar,1691.33,177431.0,,0.01,9.0,6893.0,9.53,In-Feed + Boosted
Spectrum - Small Biz Highlight,Correspondent-Led Video - Custom Content,FB,Engagement,Pilar,1815.74,253660.0,,0.0205,11.0,697.0,7.16,In-Feed + Boosted
Spectrum - Small Biz Highlight,Correspondent-Led Video - Custom Content,YTs,Engagement,Pilar,2884.69,1278380.0,,0.0251,5.0,65118.0,2.26,In-Feed + Boosted
Spectrum - Small Biz Highlight,Correspondent-Led Video - Custom Content,X,Engagement,Pilar,2069.0,841050.0,,0.0006,4.0,1395.0,2.46,In-Feed + Boosted
Spectrum - Small Biz Highlight,Correspondent-Led Video - Custom Content,TikTok,Engagement,Pilar,3587.0,1257414.0,,0.0002,1.16,480.0,2.85,In-Feed + Boosted
EHP Stadium Status,Correspondent-Led Video - Custom Content,IG,Engagement,Derryl,944.0,177530.0,,0.0063,2.0,5507.0,5.32,In-Feed + Boosted
EHP Stadium Status,Correspondent-Led Video - Custom Content,YTs,Reach,Derryl,1149.53,375520.0,,0.0129,5.0,32609.0,3.07,In-Feed + Boosted
EHP Stadium Status,Correspondent-Led Video - Custom Content,X,Reach,Derryl,1598.96,714217.0,,0.0033,6.0,1384.0,2.24,In-Feed + Boosted
EHP Stadium Status,Correspondent-Led Video - Custom Content,TikTok,Reach,Derryl,1364.83,1221562.0,,0.0015,1.34,656.0,1.21,In-Feed + Boosted
BetMGM World Cup FOS Explains,Custom Content (Mid-to-Long),YouTube,Reach,Derryl,6148.24,6230565.0,6e-05,0.276,219.0,278756.0,0.99,In-Feed + Boosted
DOW Impact Award,Correspondent-Led Video - Custom Content,IG,Engagement,Pilar,943.82,111209.0,,0.0019,2.0,9566.0,9.32,In-Feed + Boosted
DOW Impact Award,Correspondent-Led Video - Custom Content,YTs,Engagement,Pilar,1149.67,391710.0,,0.0049,2.27,39614.0,2.95,In-Feed + Boosted
DOW Impact Award,Correspondent-Led Video - Custom Content,TikTok,Engagement,Pilar,1928.0,1165745.0,,0.0005,1.6,1139.0,1.78,In-Feed + Boosted
DOW Impact Award,Correspondent-Led Video - Custom Content,X,Engagement,Pilar,1978.23,613737.0,,0.0001,4.0,949.0,3.27,In-Feed + Boosted
