,,,,,,,,,,,,,,,,,,,,,,
,Platform Benchmarks (2025),Instagram,Facebook,X,TikTok,LinkedIn,YouTube,All (AVG),,,,Spend,,,,,,,,,,
,All Content,3.60%,4.00%,2.30%,4.90%,5.20%,1.00%,3.50%,,,,,,,,,,,,,,
,"Sponsored (Sprout, No Paid)",3.80%,2.60%,1.10%,0.90%,2.40%,1.00%,1.97%,,,Missing campaigns,,,,,,,,,,,
,Sponsored (All content in this doc),3.45%,2.08%,0.93%,1.81%,3.68%,3.69%,2.52%,,,Gainbridge Parity Week (2025) ,,,,,,,,,,,
,Last Updated: 3/5 @1pm EST,,,,,,,,,,,,,,,,,,,,,
,,,,,,,,,,,,,,,,,,,,,,
,Key,,> FOS Benchmark,,> Category Benchmark,,< Category Benchmark,,,,,,,,,,,,,,,
,,,,,,,,,,,,,,,,,,,,,,
,Benchmark Category:,Social Coverage Partner,,,,,,,,,,,,,,,,,,,,
,,,,,,,,,,,,,,,,,,,,,,
,Overall,Instagram,Facebook,X,TikTok,LinkedIn,Shorts,All,,,,,,,,,,,,,,
,Engagement Rate,6.82%,1.63%,1.30%,3.29%,5.56%,0.75%,4.60%,,,,,,,,,,,,,,
,,,,,,,,,,,,,,,,,,,,,,
,By Campaign,Instagram,Facebook,X,TikTok,LinkedIn,Shorts,All,,,,,,,,,,,,,,
,Acura x Business of the Madness (2024),11.32%,4.34%,,3.95%,3.63%,,6.34%,,,,$0,,,,,,,,,,
,US Bank x Golf,11.52%,,1.97%,4.13%,4.75%,,6.43%,,,,$0,,,,,,,,,,
,Upper Deck x NHL Draft,3.06%,0.37%,0.64%,1.80%,11.08%,0.75%,2.32%,,,,$2508,,,,,,,,,,
,Invesco QQQ x Busines of Bowl Season,4.19%,,,,4.38%,,4.20%,,,,,,,,,,,,,,
,US Bank x 2026 NFL Draft,4.02%,0.19%,1.28%,,3.95%,,3.69%,,,,,,,,,,,,,,
,,,,,,,,,,,,,,,,,,,,,,
,Benchmark Category:,Social - Franchise (Non-Correspondent),,,,,,,,,,,,,,,,,,,,
,,,,,,,,,,,,,,,,,,,,,,
,Overall,Instagram,Facebook,X,TikTok,LinkedIn,Shorts,All,,,,,,,,,,,,,,
,Engagement Rate,4.59%,4.22%,0.46%,4.50%,3.44%,,3.44%,,,,,,,,,,,,,,
,,,,,,,,,,,,,,,,,,,,,,
,By Campaign,Instagram,Facebook,X,TikTok,LinkedIn,Shorts,All,,,,,,,,,,,,,,
,TickPick x Big Ticket (9/24 - 2/25),7.37%,,0.81%,4.82%,,,7.17%,,,,$0,,,,,,,,,,
,Daktronics x Stadium Status (12/24 - 4/25),1.46%,,,,4.38%,,1.56%,,,,$5000,,,,,,,,,,
,AT&T x Stadium Status,1.29%,,0.45%,6.00%,4.76%,,1.39%,,,,$16992,,,,,,,,,,
,Gainbridge x The Come Up (Napheesa Collier),3.46%,,,5.31%,3.26%,,4.85%,,,,$996,,,,,,,,,,
,RBC x Second Acts,5.68%,0.75%,,,1.90%,,3.60%,,,,$2794,,,,,,,,,,
,Dealmaker x Asset Class,1.25%,0.19%,0.32%,,1.22%,,,,,,,,,,,,,,,,
,Pepsi x Stadium Eats,2.59%,1.98%,0.24%,1.88%,6.84%,,1.19%,,,,,,,,,,,,,,
,Toyota x Winter Olympics,13.61%,13.95%,,,1.73%,,13.42%,,,,,,,,,,,,,,
,,,,,,,,,,,,,,,,,,,,,,
,,,,,,,,,,,,,,,,,,,,,,
,Benchmark Category:,"Custom Social - Non-Franchise (Event Coverage, Custom Shoot, etc.)",,,,,,,,,,,,,,,,,,,,
,,,,,,,,,,,,,,,,,,,,,,
,Overall,Instagram,Facebook,X,TikTok,LinkedIn,Shorts,All,,,,,,,,,,,,,,
,Engagement Rate,5.07%,4.56%,0.91%,0.70%,3.60%,,2.97%,,,,,,,,,,,,,,
,,,,,,,,,,,,,,,,,,,,,,
,By Campaign,Instagram,Facebook,X,TikTok,LinkedIn,Shorts,All,,,,,,,,,,,,,,
,Gainbridge x Parity Week 2024,7.47%,,1.13%,,1.59%,,3.46%,,,,$1198,,,,,,,,,,
,Laver Cup,4.03%,0.09%,1.26%,,2.79%,,2.45%,,,,$2464,,,,,,,,,,
,LOVB,8.50%,,0.63%,,4.91%,,6.15%,,,,$1581,,,,,,,,,,
,"Wilson x Super Bowl, ASG, Caitlin Clark",1.71%,,,0.13%,,,0.89%,,,,$2500,,,,,,,,,,
,Comcast Business x The Players,0.15%,,,,9.69%,,0.24%,,,,$4996,,,,,,,,,,
,Champs Sports CSG x Brock Bowers,8.95%,,0.37%,0.06%,2.45%,,3.27%,,,,$1791,,,,,,,,,,
,Atlassian x Australian Grand Prix,0.29%,,0.43%,,2.05%,,0.33%,,,,$4999,,,,,,,,,,
,Champs x Fall Football,3.06%,,,0.54%,,,1.76%,,,,$3972,,,,,,,,,,
,Nuveen x Bobby Bonilla,11.09%,,1.72%,,2.26%,,5.14%,,,,$1796,,,,,,,,,,
,Gatorade x Modern Origins,3.18%,,,0.25%,2.77%,,1.94%,,,,$12261,,,,,,,,,,
,Gainbridge x WNBA All-Star,8.88%,15.69%,,3.08%,4.92%,,11.43%,Men in Jersey + Sports in big business pieces,,,$2431,,,,,,,,,,
,Tissot x NBA,6.56%,,,,,,6.56%,,,,$1299,,,,,,,,,,
,Healthy Paws x Globetrotting,3.89%,0.26%,1.46%,,,,2.28%,,,,,,,,,,,,,,
,Professional Fighters League,3.21%,2.19%,0.27%,0.14%,2.56%,,1.20%,,,,,,,,,,,,,,
,,,,,,,,,,,,,,,,,,,,,,
,,,,,,,,,,,,,,,,,,,,,,
,Benchmark Category:,Multimedia Reporter-Led - Franchise,,,,,,,,,,,,,,,,,,,,
,Last Updated:,05/06/2025 at 10:00 PM EST,,,,,,,,,,,,,,,,,,,,
,,,,,,,,,,,,,,,,,,,,,,
,Overall,Instagram,Facebook,X,TikTok,LinkedIn,Shorts,All,,,,,,,,,,,,,,
,Engagement Rate,3.00%,1.65%,0.39%,1.94%,3.75%,2.73%,2.24%,,,,,,,,,,,,,,
,,,,,,,,,,,,,,,,,,,,,,
,By Campaign,Instagram,Facebook,X,TikTok,LinkedIn,Shorts,All,,,,,,,,,,,,,,
,Kaiser Permanante x Stadium Status,1.16%,,0.66%,0.07%,4.99%,5.16%,0.54%,,,,$12214,,,,,,,,,,
,Daktronics x Stadium Status (Lindsay),1.64%,,,1.64%,0.99%,,1.05%,,,,$1200,,,,,,,,,,
,AT&T x Stadium Status (Intuit Dome),1.29%,,0.45%,6.00%,4.76%,,1.39%,,,,$16992,,,,,,,,,,
,Fanatics x Stadium Status,,,,,,,,,,,,,,,,,,,,,
,Elevate Stadium Status,3.18%,,0.06%,0.06%,4.26%,0.29%,0.96%,,,,,,,,,,,,,,
,US Bank x The Come Up,7.75%,1.65%,0.10%,,3.32%,25.50%,7.18%,,,,,,,,,,,,,,
,,,,,,,,,,,,,,,,,,,,,,
,Benchmark Category:,"Custom Multimedia Reporter-Led - Non-Franchise (Tentpole Event, Custom Series, etc.)",,,,,,,,,,,,,,,,,,,,
,,,,,,,,,,,,,,,,,,,,,,
,Overall,Instagram,Facebook,X,TikTok,LinkedIn,Shorts,All,,,,,,,,,,,,,,
,Engagement Rate,2.31%,0.00%,0.37%,0.45%,2.98%,3.97%,1.68%,,,,,,,,,,,,,,
,,,,,,,,,,,,,,,,,,,,,,
,By Campaign,Instagram,Facebook,X,TikTok,LinkedIn,Shorts,All,,,,$898,,,,,,,,,,
,Gainbridge x Parity Week (2024) (Lindsay),5.02%,,0.35%,0.12%,,,1.64%,,,,$898,,,,,,,,,,
,EA Sports x College Football (Lindsay & Derryl),1.01%,,1.01%,0.32%,,,0.69%,,,,$15417,,,,,,,,,,
,AWS x NFL Women's Forum (Lindsay),0.11%,,0.30%,0.03%,3.95%,,0.15%,,,,$2499,,,,,,,,,,
,Invesco x Under Review (Lindsay),2.51%,,,0.05%,,2.69%,1.23%,,,,$21464,,,,,,,,,,
,Champs Sports x Apparel Playmakers (Derryl),1.50%,,,0.38%,,,0.96%,,,,$7940,,,,,,,,,,
,Tissot x NBA (Derryl),1.06%,,0.30%,0.03%,3.47%,,0.48%,,,,$4041,,,,,,,,,,
,US Bank x PLL Championship,3.35%,,0.31%,0.40%,,9.10%,3.30%,,,,$1601,,,,,,,,,,
,PGA Tour x BMW Championship (Derryl),1.63%,,,2.75%,,,2.37%,,,,$2524,,,,,,,,,,
,Gainbridge x WNBA All-Star (Lindsay),4.75%,,0.24%,0.29%,1.53%,,1.74%,,,,$4468,,,,,,,,,,
,Swag Golf x Ryder Cup,2.15%,,0.11%,0.10%,,0.12%,0.50%,,,,$3080,,,,,,,,,,
,Laver Cup,0.30%,,7.37%,3.24%,1.07%,,5.45%,it has long form video component,,,,,,,,,,,,,
,Gainbridge Parity Week (2025) ,"some of them might be creator led, check the links",,,,,,,,,,,,,,,,,,,,
,,,,,,,,,,,,,,,,,,,,,,
,,,,,,,,,,,,,,,,,,,,,,
,Benchmark Category:,Creator-Led - Franchise,,,,,,,,,,,,,,,,,,,,
,,,,,,,,,,,,,,,,,,,,,,
,Overall,Instagram,Facebook,X,TikTok,LinkedIn,Shorts,All,,,,,,,,,,,,,,
,Engagement Rate,3.80%,5.19%,,0.51%,,,1.58%,,,,,,,,,,,,,,
,,,,,,,,,,,,,,,,,,,,,,
,By Campaign,Instagram,Facebook,X,TikTok,LinkedIn,Shorts,All,,,,,,,,,,,,,,
,DIRECTV x The Come Up,3.80%,5.19%,,0.51%,,,1.58%,,,,,,,,,,,,,,
,,,,,,,,,,,,,,,,,,,,,,
,,,,,,,,,,,,,,,,,,,,,,
,Benchmark Category:,Custom Creator-Led - Non-Franchise,,,,,,,,,,,,,,,,,,,,
,,,,,,,,,,,,,,,,,,,,,,
,Overall,Instagram,Facebook,X,TikTok,LinkedIn,Shorts,All,,,,,,,,,,,,,,
,Engagement Rate,3.91%,0.14%,0.45%,1.31%,4.58%,4.67%,2.51%,,,,,,,,,,,,,,
,,,,,,,,,,,,,,,,,,,,,,
,By Campaign,Instagram,Facebook,X,TikTok,LinkedIn,Shorts,All,,,,,,,,,,,,,,
,Invesco x Under Review 2023 (Breneman CFB),5.62%,,,2.84%,3.25%,1.96%,7.00%,,,,$4914,,,,,,,,,,
,Invesco x Under Review 2024 (Jordan Rogers MM),0.59%,,,1.08%,,2.23%,0.72%,,,,$8857,,,,,,,,,,
,Champs x Off the Pitch (Eli Lesser),1.30%,,,7.20%,,3.83%,3.37%,,,,$5646,,,,,,,,,,
,Gainbridge x Parity Week (2024),5.16%,,0.43%,0.11%,,,1.19%,Linsday shown in correspondent led-non franchise section,,,$2996,,,,,,,,,,
,Invesco x Under Review 2024 (Breneman CFB),1.76%,,,0.20%,0.40%,,0.89%,,,,$29000,,,,,,,,,,
,Comcast Business x PLAYERS (Bradford Wilson),12.20%,,0.29%,0.02%,10.09%,,2.74%,,,,$5316,,,,,,,,,,
,Johnnie O x Under Review 2025 (Breneman CFB),6.57%,-,0.18%,0.22%,-,0.94%,1.46%,,,,,,,,,,,,,,
,Comcast x PLAYERS 2026 (Lauren & Bailey) ,0.88%,0.05%,,0.04%,,6.15%,2.12%,,,,,,,,,,,,,,
,US Bank x 2026 Super Bowl Activation,1.11%,0.24%,0.88%,0.05%,,12.88%,0.75%,,,,,,,,,,,,,,
,,,,,,,,,,,,,,,,,,,,,,
,,,,,,,,,,,,,,,,,,,,,,
,Benchmark Category:,Original Content,,,,,,,,,,,,,,,,,,,,
,,,,,,,,,,,,,,,,,,,,,,
,Overall,YouTube,Instagram,Facebook,X,TikTok,LinkedIn,Shorts,All,,,,,,,,,,,,,
,Engagement Rate,1.61%,2.32%,0.89%,1.56%,0.97%,3.57%,6.42%,2.48%,,,,,,,,,,,,,
,,,,,,,,,,,,,,,,,,,,,,
,By Campaign,YouTube,Instagram,Facebook,X,TikTok,LinkedIn,Shorts,All,,,,,,,,,,,,,
,Gatorade x FOS Explains: Women Fueling Football,1.62%,2.04%,,9.08%,2.18%,2.70%,,2.75%,,,$6674,,,,,,,,,,
,Wilson x FOS Explains,2.41%,0.77%,,0.24%,0.03%,2.43%,,1.17%,,,$8206,,,,,,,,,,
,FOS Explains x PGA Tour,1.79%,6.25%,,0.24%,0.07%,4.32%,,1.56%,,,$4358,,,,,,,,,,
,E*TRADE x Portfolio Players (Season 1),1.50%,2.39%,0.09%,0.59%,0.07%,1.33%,,1.20%,,,$35522,,,,,,,,,,
,Pepsi x Stadium Eats,1.01%,2.59%,1.98%,0.24%,1.88%,6.84%,,1.19%,,,,,,,,,,,,,
,E*TRADE x Portfolio Players (Season 2),1.32%,1.61%,0.61%,0.25%,2.51%,3.07%,7.42%,1.42%,,,$19064,,,,,,,,,,
,Bet MGM FOS Explains - Winter Olympics,1.63%,0.59%,,0.28%,0.05%,4.27%,5.43%,1.32%,,,,,,,,,,,,,
,,,,,,,,,,,,,,,,,,,,,,
,,,,,,,,,,,,,,,,,,,,,,
,Benchmark Category:,Branded Content,,,,,,,,,,,,,,,,,,,,
,,,,,,,,,,,,,,,,,,,,,,
,Overall,YouTube,Instagram,Facebook,X,TikTok,LinkedIn,Shorts,All,,,,,,,,,,,,,
,Engagement Rate,3.17%,2.58%,0.25%,2.79%,0.94%,3.47%,2.46%,2.24%,,,,,,,,,,,,,
,,,,,,,,,,,,,,,,,,,,,,
,By Campaign,YouTube,Instagram,Facebook,X,TikTok,LinkedIn,Shorts,All,,,,,,,,,,,,,
,Rocket Mortgage x A Dreammate Story,2.10%,0.82%,0.61%,,1.25%,2.86%,2.42%,2.23%,,,N/A,,,,,,,,,,
,Dick's Sporting Goods x Boston Bound,4.79%,0.37%,,4.58%,1.46%,3.01%,3.54%,3.18%,,,$14903,,,,,,,,,,
,Upper Deck x Athlete Archives,3.46%,2.29%,0.20%,4.15%,1.13%,3.50%,3.88%,3.26%,,,$14149,,,,,,,,,,
,US Bank x Untold Team,2.16%,4.18%,0.16%,5.68%,,3.31%,,3.41%,,,$65548,,,,,,,,,,
,Wells Fargo x Breaking Barriers,7.32%,2.84%,,,0.17%,3.18%,0.06%,0.62%,,,$20260,,,,,,,,,,
,LYCRA x Redefined Launch,2.14%,3.12%,,1.29%,2.23%,4.39%,2.39%,2.45%,,,$14428,,,,,,,,,,
,Nuveen x The Big Deal (Bobby Bonilla),2.03%,3.45%,,0.69%,0.25%,3.55%,,1.65%,,,$26885,,,,,,,,,,
,Gainbridge x USL,1.35%,3.58%,0.04%,0.36%,0.06%,3.94%,,1.05%,,,$9046,,,,,,,,,,
,State Farm the Family Assist,3.14%,2.70%,,0.03%,0.15%,3.77%,,1.80%,,,,,,,,,,,,,
,,,,,,,,,,,,,,,,,,,,,,
,Benchmark Category:,FOS Event - Custom Social,,,,,,,,,,,,,,,,,,,,
,,,,,,,,,,,,,,,,,,,,,,
,Overall,Instagram,Facebook,X,TikTok,LinkedIn,Shorts,All,,,,,,,,,,,,,,
,Engagement Rate,1.67%,4.29%,0.50%,0.15%,3.46%,4.86%,1.92%,,,,,,,,,,,,,,
,,,,,,,,,,,,,,,,,,,,,,
,,Instagram,Facebook,X,TikTok,LinkedIn,Shorts,All,,,,,,,,,,,,,,
,Raising Cane's x The Breakfast Ball 2025,,,,,,,,,,Excluded from benchmarking ,,,,,,,,,,,
,Polestar x The Breakfast Ball 2025,0.81%,,0.20%,0.02%,3.64%,,0.42%,,,,$1011,,,,,,,,,,
,AG1 x The Breakfast Ball 2025,1.10%,7.93%,1.28%,0.05%,1.39%,1.36%,2.15%,,,,$1615,,,,,,,,,,
,Tommy John x The Breakfast Ball 2025,0.19%,,0.13%,0.06%,4.10%,,0.16%,,,,$994,,,,,,,,,,
,RBC House,2.67%,0.65%,,,3.44%,,1.44%,,,,$10276,,,,,,,,,,
,Eli Lilly x Courtside Collective,1.85%,-%,-%,0.04%,,,1.00%,,,,$484,,,,,,,,,,
,Second Acts Live (Sue Bird) x Ally,1.98%,,0.38%,0.77%,,0.15%,0.68%,,,,,,,,,,,,,,
,Thomas's Bagels x The Breakfast Ball 2026,3.50%,,,0.05%,,11.82%,6.33%,,,,,,,,,,,,,,
,Raising Cane's x The Breakfast Ball 2026,1.29%,,,0.03%,4.72%,6.09%,3.15%,,,,,,,,,,,,,,
,,,,,,,,,,,,,,,,,,,,,,
,,,,,,,,,,,,,,,,,,,,,,
,Benchmark Category:,FOS Event - Presenting Partner,,,,,,,,,,,,,,,,,,,,
,,,,,,,,,,,,,,,,,,,,,,
,Overall,Instagram,Facebook,X,TikTok,LinkedIn,Shorts,All,,,,,,,,,,,,,,
,Engagement Rate,1.92%,0.10%,0.60%,5.13%,2.40%,,2.03%,,,,,,,,,,,,,,
,,,,,,,,,,,,,,,,,,,,,,
,,Instagram,Facebook,X,TikTok,LinkedIn,Shorts,All,,,,$1099,,,,,,,,,,
,Elevate x Tuned In,2.58%,0.00%,0.88%,5.13%,3.59%,,2.85%,,,,,,,,,,,,,,
,Dealmaker x Asset Class,1.25%,0.19%,0.32%,,1.22%,,0.68%,,,,,,,,,,,,,,
,,,,,,,,,,,,,,,,,,,,,,
,,,,,,,,,,,,,,,,,,,,,,
,,,,,,,,,,,,,,,,,,,,,,
,,,,,,,,,,,,,,,,,,,,,,
,,,,,,,,,,,,,,,,,,,,,,
,,,,,,,,,,,,,,,,,,,,,,
,,,,,,,,,,,,,,,,,,,,,,
,,,,,,,,,,,,,,,,,,,,,,
,,,,,,,,,,,,,,,,,,,,,,
,,,,,,,,,,,,,,,,,,,,,,
,,,,,,,,,,,,,,,,,,,,,,
,,,,,,,,,,,,,,,,,,,,,,
,,,,,,,,,,,,,,,,,,,,,,
,,,,,,,,,,,,,,,,,,,,,,
,,,,,,,,,,,,,,,,,,,,,,
,,,,,,,,,,,,,,,,,,,,,,
,,,,,,,,,,,,,,,,,,,,,,
,,,,,,,,,,,,,,,,,,,,,,
,,,,,,,,,,,,,,,,,,,,,,
,,,,,,,,,,,,,,,,,,,,,,
,,,,,,,,,,,,,,,,,,,,,,
,,,,,,,,,,,,,,,,,,,,,,
,,,,,,,,,,,,,,,,,,,,,,
,,,,,,,,,,,,,,,,,,,,,,
,,,,,,,,,,,,,,,,,,,,,,
,,,,,,,,,,,,,,,,,,,,,,
,,,,,,,,,,,,,,,,,,,,,,
,,,,,,,,,,,,,,,,,,,,,,
,,,,,,,,,,,,,,,,,,,,,,
,,,,,,,,,,,,,,,,,,,,,,
,,,,,,,,,,,,,,,,,,,,,,
,,,,,,,,,,,,,,,,,,,,,,
,,,,,,,,,,,,,,,,,,,,,,
,,,,,,,,,,,,,,,,,,,,,,
,,,,,,,,,,,,,,,,,,,,,,
,,,,,,,,,,,,,,,,,,,,,,
,,,,,,,,,,,,,,,,,,,,,,
,,,,,,,,,,,,,,,,,,,,,,
,,,,,,,,,,,,,,,,,,,,,,
,,,,,,,,,,,,,,,,,,,,,,
,,,,,,,,,,,,,,,,,,,,,,
,,,,,,,,,,,,,,,,,,,,,,
,,,,,,,,,,,,,,,,,,,,,,
,,,,,,,,,,,,,,,,,,,,,,
,,,,,,,,,,,,,,,,,,,,,,
,,,,,,,,,,,,,,,,,,,,,,
,,,,,,,,,,,,,,,,,,,,,,
,,,,,,,,,,,,,,,,,,,,,,
,,,,,,,,,,,,,,,,,,,,,,
,,,,,,,,,,,,,,,,,,,,,,
,,,,,,,,,,,,,,,,,,,,,,
,,,,,,,,,,,,,,,,,,,,,,
,,,,,,,,,,,,,,,,,,,,,,
,,,,,,,,,,,,,,,,,,,,,,
,,,,,,,,,,,,,,,,,,,,,,
,,,,,,,,,,,,,,,,,,,,,,
,,,,,,,,,,,,,,,,,,,,,,
,,,,,,,,,,,,,,,,,,,,,,
,,,,,,,,,,,,,,,,,,,,,,
,,,,,,,,,,,,,,,,,,,,,,
,,,,,,,,,,,,,,,,,,,,,,
,,,,,,,,,,,,,,,,,,,,,,
,,,,,,,,,,,,,,,,,,,,,,
,,,,,,,,,,,,,,,,,,,,,,
,,,,,,,,,,,,,,,,,,,,,,
,,,,,,,,,,,,,,,,,,,,,,
,,,,,,,,,,,,,,,,,,,,,,
,,,,,,,,,,,,,,,,,,,,,,
,,,,,,,,,,,,,,,,,,,,,,
,,,,,,,,,,,,,,,,,,,,,,
,,,,,,,,,,,,,,,,,,,,,,
,,,,,,,,,,,,,,,,,,,,,,
,,,,,,,,,,,,,,,,,,,,,,
,,,,,,,,,,,,,,,,,,,,,,
,,,,,,,,,,,,,,,,,,,,,,
,,,,,,,,,,,,,,,,,,,,,,
,,,,,,,,,,,,,,,,,,,,,,
,,,,,,,,,,,,,,,,,,,,,,
,,,,,,,,,,,,,,,,,,,,,,
,,,,,,,,,,,,,,,,,,,,,,
,,,,,,,,,,,,,,,,,,,,,,
,,,,,,,,,,,,,,,,,,,,,,
,,,,,,,,,,,,,,,,,,,,,,
,,,,,,,,,,,,,,,,,,,,,,
,,,,,,,,,,,,,,,,,,,,,,
,,,,,,,,,,,,,,,,,,,,,,
,,,,,,,,,,,,,,,,,,,,,,
,,,,,,,,,,,,,,,,,,,,,,
,,,,,,,,,,,,,,,,,,,,,,
,,,,,,,,,,,,,,,,,,,,,,
,,,,,,,,,,,,,,,,,,,,,,
,,,,,,,,,,,,,,,,,,,,,,
,,,,,,,,,,,,,,,,,,,,,,
,,,,,,,,,,,,,,,,,,,,,,
,,,,,,,,,,,,,,,,,,,,,,
,,,,,,,,,,,,,,,,,,,,,,
,,,,,,,,,,,,,,,,,,,,,,
,,,,,,,,,,,,,,,,,,,,,,
,,,,,,,,,,,,,,,,,,,,,,
,,,,,,,,,,,,,,,,,,,,,,
,,,,,,,,,,,,,,,,,,,,,,
,,,,,,,,,,,,,,,,,,,,,,
,,,,,,,,,,,,,,,,,,,,,,
,,,,,,,,,,,,,,,,,,,,,,
,,,,,,,,,,,,,,,,,,,,,,
,,,,,,,,,,,,,,,,,,,,,,
,,,,,,,,,,,,,,,,,,,,,,
,,,,,,,,,,,,,,,,,,,,,,
,,,,,,,,,,,,,,,,,,,,,,
,,,,,,,,,,,,,,,,,,,,,,
,,,,,,,,,,,,,,,,,,,,,,
,,,,,,,,,,,,,,,,,,,,,,
,,,,,,,,,,,,,,,,,,,,,,
,,,,,,,,,,,,,,,,,,,,,,
,,,,,,,,,,,,,,,,,,,,,,
,,,,,,,,,,,,,,,,,,,,,,
,,,,,,,,,,,,,,,,,,,,,,
,,,,,,,,,,,,,,,,,,,,,,
,,,,,,,,,,,,,,,,,,,,,,
,,,,,,,,,,,,,,,,,,,,,,
,,,,,,,,,,,,,,,,,,,,,,
,,,,,,,,,,,,,,,,,,,,,,
,,,,,,,,,,,,,,,,,,,,,,
,,,,,,,,,,,,,,,,,,,,,,
,,,,,,,,,,,,,,,,,,,,,,
,,,,,,,,,,,,,,,,,,,,,,
,,,,,,,,,,,,,,,,,,,,,,
,,,,,,,,,,,,,,,,,,,,,,
,,,,,,,,,,,,,,,,,,,,,,
,,,,,,,,,,,,,,,,,,,,,,
,,,,,,,,,,,,,,,,,,,,,,
,,,,,,,,,,,,,,,,,,,,,,
,,,,,,,,,,,,,,,,,,,,,,
,,,,,,,,,,,,,,,,,,,,,,
,,,,,,,,,,,,,,,,,,,,,,
,,,,,,,,,,,,,,,,,,,,,,
,,,,,,,,,,,,,,,,,,,,,,
,,,,,,,,,,,,,,,,,,,,,,
,,,,,,,,,,,,,,,,,,,,,,
,,,,,,,,,,,,,,,,,,,,,,
,,,,,,,,,,,,,,,,,,,,,,
,,,,,,,,,,,,,,,,,,,,,,
,,,,,,,,,,,,,,,,,,,,,,
,,,,,,,,,,,,,,,,,,,,,,
,,,,,,,,,,,,,,,,,,,,,,
,,,,,,,,,,,,,,,,,,,,,,
,,,,,,,,,,,,,,,,,,,,,,
,,,,,,,,,,,,,,,,,,,,,,
,,,,,,,,,,,,,,,,,,,,,,
,,,,,,,,,,,,,,,,,,,,,,
,,,,,,,,,,,,,,,,,,,,,,
,,,,,,,,,,,,,,,,,,,,,,
,,,,,,,,,,,,,,,,,,,,,,
,,,,,,,,,,,,,,,,,,,,,,
,,,,,,,,,,,,,,,,,,,,,,
,,,,,,,,,,,,,,,,,,,,,,
,,,,,,,,,,,,,,,,,,,,,,
,,,,,,,,,,,,,,,,,,,,,,
,,,,,,,,,,,,,,,,,,,,,,
,,,,,,,,,,,,,,,,,,,,,,
,,,,,,,,,,,,,,,,,,,,,,
,,,,,,,,,,,,,,,,,,,,,,
,,,,,,,,,,,,,,,,,,,,,,
,,,,,,,,,,,,,,,,,,,,,,
,,,,,,,,,,,,,,,,,,,,,,
,,,,,,,,,,,,,,,,,,,,,,
,,,,,,,,,,,,,,,,,,,,,,
,,,,,,,,,,,,,,,,,,,,,,
,,,,,,,,,,,,,,,,,,,,,,
,,,,,,,,,,,,,,,,,,,,,,
,,,,,,,,,,,,,,,,,,,,,,
,,,,,,,,,,,,,,,,,,,,,,
,,,,,,,,,,,,,,,,,,,,,,
,,,,,,,,,,,,,,,,,,,,,,
,,,,,,,,,,,,,,,,,,,,,,
,,,,,,,,,,,,,,,,,,,,,,
,,,,,,,,,,,,,,,,,,,,,,
,,,,,,,,,,,,,,,,,,,,,,
,,,,,,,,,,,,,,,,,,,,,,
,,,,,,,,,,,,,,,,,,,,,,
,,,,,,,,,,,,,,,,,,,,,,
,,,,,,,,,,,,,,,,,,,,,,
,,,,,,,,,,,,,,,,,,,,,,
,,,,,,,,,,,,,,,,,,,,,,
,,,,,,,,,,,,,,,,,,,,,,
,,,,,,,,,,,,,,,,,,,,,,
,,,,,,,,,,,,,,,,,,,,,,
,,,,,,,,,,,,,,,,,,,,,,
,,,,,,,,,,,,,,,,,,,,,,
,,,,,,,,,,,,,,,,,,,,,,
,,,,,,,,,,,,,,,,,,,,,,
,,,,,,,,,,,,,,,,,,,,,,
,,,,,,,,,,,,,,,,,,,,,,
,,,,,,,,,,,,,,,,,,,,,,
,,,,,,,,,,,,,,,,,,,,,,
,,,,,,,,,,,,,,,,,,,,,,
,,,,,,,,,,,,,,,,,,,,,,
,,,,,,,,,,,,,,,,,,,,,,
,,,,,,,,,,,,,,,,,,,,,,
,,,,,,,,,,,,,,,,,,,,,,
